{"cameraMode":{"drawMode":0,"name":"Shaded","section":"Shading Mode"},"sceneLighting":false,"audioPlay":false,"sceneViewState":{"m_AlwaysRefresh":false,"showFog":true,"showSkybox":false,"showFlares":true,"showImageEffects":true,"showParticleSystems":true,"showVisualEffectGraphs":true,"m_FxEnabled":true},"in2DMode":false,"pivot":{"x":-0.15318965911865235,"y":4.813000202178955,"z":-21.65999984741211},"rotation":{"x":-0.02842855080962181,"y":-0.9441854357719421,"z":0.08463220298290253,"w":-0.31711044907569888},"size":0.8736690282821655,"orthographic":false}